"region","submission","activity","path","type","pollutant","fuel","product","species","unit","scenario","confidential","1990","1991","1992","1993","1994","1995","1996","1997","1998","1999","2000","2001","2002","2003","2004","2005","2006","2007","2008","2009","2010","2011","2012","2013","2014","2015","2016","2017","2018","2019","2020"
"DE","DE_NEXT","TRACTION_ROAD_LDV_DIESEL_EURO1_HIGHWAY","SECTORAL_APPROACH,1A,1A3,1A3b,1A3bi,TRACTION_ROAD_LDV_DIESEL,TRACTION_ROAD_LDV_DIESEL_EURO1,TRACTION_ROAD_LDV_DIESEL_EURO1_HIGHWAY","AD",,"DIESEL",,,"TJ","REF","FALSE",,,22.20929,97.93940,1220.20481,3763.44316,6854.01597,9610.51996,11385.50526,11466.66889,10611.30876,9220.69199,8319.22126,7385.62989,6556.26348,5836.04548,4827.77470,4000.06535,3154.25191,2625.63219,2097.91897,1719.13478,1296.08829,1064.42810,882.35710,733.76323,611.57925,508.27067,402.64740,335.15415,263.50963
"DE","DE_NEXT","TRACTION_ROAD_LDV_DIESEL_EURO1_NON_URBAN","SECTORAL_APPROACH,1A,1A3,1A3b,1A3bi,TRACTION_ROAD_LDV_DIESEL,TRACTION_ROAD_LDV_DIESEL_EURO1,TRACTION_ROAD_LDV_DIESEL_EURO1_NON_URBAN","AD",,"DIESEL",,,"TJ","REF","FALSE",,,18.43367,75.03405,1087.57563,3826.39797,6625.93559,8743.95172,9730.60996,9282.86386,8197.73777,6757.92502,5803.63511,4918.46986,4167.34683,3576.40214,3153.52945,2731.19052,2271.63953,1947.97635,1628.60465,1367.05661,1079.52863,906.94755,764.05274,642.00499,523.93074,431.37097,338.56888,279.20814,232.43855
"DE","DE_NEXT","TRACTION_ROAD_LDV_DIESEL_EURO1_URBAN","SECTORAL_APPROACH,1A,1A3,1A3b,1A3bi,TRACTION_ROAD_LDV_DIESEL,TRACTION_ROAD_LDV_DIESEL_EURO1,TRACTION_ROAD_LDV_DIESEL_EURO1_URBAN","AD",,"DIESEL",,,"TJ","REF","FALSE",,,15.75418,69.94383,1176.07286,4694.64176,8521.98652,11581.62440,13307.18619,13523.43294,12451.18030,11421.59318,10137.58393,8540.22738,7122.85410,6169.13936,5003.08864,4042.22241,3087.54893,2381.28329,1835.77938,1388.82830,1039.85796,811.41983,715.24966,618.75222,561.77223,516.72274,447.48790,395.29053,330.65930
"DE","DE_NEXT","TRACTION_ROAD_LDV_DIESEL_EURO2_HIGHWAY","SECTORAL_APPROACH,1A,1A3,1A3b,1A3bi,TRACTION_ROAD_LDV_DIESEL,TRACTION_ROAD_LDV_DIESEL_EURO2,TRACTION_ROAD_LDV_DIESEL_EURO2_HIGHWAY","AD",,"DIESEL",,,"TJ","REF","FALSE",,,,,,,265.66044,1107.59490,3197.62392,7221.14888,11420.52384,14311.53261,14496.57552,13508.63831,12311.44788,10927.31712,8925.55348,7423.64274,6390.03487,5557.62476,4619.93505,3902.57621,3018.46307,2531.09975,2122.56440,1759.37321,1449.02697,1181.16757,908.34962,728.13799,549.94393
"DE","DE_NEXT","TRACTION_ROAD_LDV_DIESEL_EURO2_NON_URBAN","SECTORAL_APPROACH,1A,1A3,1A3b,1A3bi,TRACTION_ROAD_LDV_DIESEL,TRACTION_ROAD_LDV_DIESEL_EURO2,TRACTION_ROAD_LDV_DIESEL_EURO2_NON_URBAN","AD",,"DIESEL",,,"TJ","REF","FALSE",,,,,,,257.77386,1008.17969,2716.65364,5791.07764,8734.79555,10380.54361,10005.25520,8901.69994,7746.07247,6610.99219,5742.01404,4993.82202,4535.00696,4064.97818,3537.11525,3061.39757,2481.47571,2129.92386,1814.58912,1519.06166,1225.27383,989.61434,754.03414,598.84932,478.94062
"DE","DE_NEXT","TRACTION_ROAD_LDV_DIESEL_EURO2_URBAN","SECTORAL_APPROACH,1A,1A3,1A3b,1A3bi,TRACTION_ROAD_LDV_DIESEL,TRACTION_ROAD_LDV_DIESEL_EURO2,TRACTION_ROAD_LDV_DIESEL_EURO2_URBAN","AD",,"DIESEL",,,"TJ","REF","FALSE",,,,,,,353.60557,1409.20486,3843.16118,8624.75684,13506.48687,17821.25658,17734.67515,15687.55107,13445.87819,11564.90714,9216.68729,7475.29293,6235.45398,5027.57636,4034.58300,3148.51097,2420.22996,1929.59804,1719.70401,1481.60078,1329.70128,1199.61570,1008.21259,857.32517,688.53383
"DE","DE_NEXT","TRACTION_ROAD_LDV_DIESEL_EURO3_HIGHWAY","SECTORAL_APPROACH,1A,1A3,1A3b,1A3bi,TRACTION_ROAD_LDV_DIESEL,TRACTION_ROAD_LDV_DIESEL_EURO3,TRACTION_ROAD_LDV_DIESEL_EURO3_HIGHWAY","AD",,"DIESEL",,,"TJ","REF","FALSE",,,,,,,,,,,,1294.88440,4500.28431,8529.72896,12867.52046,16588.70911,17562.85161,16511.41800,14815.03309,13206.93553,11528.18701,10268.70827,8318.81335,7298.94078,6344.81180,5416.38841,4591.10229,3805.89762,2940.33902,2342.23858,1737.30948
"DE","DE_NEXT","TRACTION_ROAD_LDV_DIESEL_EURO3_NON_URBAN","SECTORAL_APPROACH,1A,1A3,1A3b,1A3bi,TRACTION_ROAD_LDV_DIESEL,TRACTION_ROAD_LDV_DIESEL_EURO3,TRACTION_ROAD_LDV_DIESEL_EURO3_NON_URBAN","AD",,"DIESEL",,,"TJ","REF","FALSE",,,,,,,,,,,,954.63632,3152.91657,5700.02220,8204.19769,10164.54465,11442.29558,11252.28373,10655.62018,9792.68455,8950.23800,8170.03413,6939.06557,6234.69224,5506.14276,4747.22831,3940.88575,3237.23728,2478.33302,1956.33581,1537.14785
"DE","DE_NEXT","TRACTION_ROAD_LDV_DIESEL_EURO3_URBAN","SECTORAL_APPROACH,1A,1A3,1A3b,1A3bi,TRACTION_ROAD_LDV_DIESEL,TRACTION_ROAD_LDV_DIESEL_EURO3,TRACTION_ROAD_LDV_DIESEL_EURO3_URBAN","AD",,"DIESEL",,,"TJ","REF","FALSE",,,,,,,,,,,,1687.06876,5744.72955,10297.95715,14560.08905,18186.47724,18792.61031,17216.35550,14958.91190,12353.00336,10403.32621,8554.01976,6884.62819,5741.89782,5306.50574,4709.55157,4353.50785,3998.31825,3379.57914,2858.97123,2257.28382
"DE","DE_NEXT","TRACTION_ROAD_LDV_DIESEL_EURO4_HIGHWAY","SECTORAL_APPROACH,1A,1A3,1A3b,1A3bi,TRACTION_ROAD_LDV_DIESEL,TRACTION_ROAD_LDV_DIESEL_EURO4,TRACTION_ROAD_LDV_DIESEL_EURO4_HIGHWAY","AD",,"DIESEL",,,"TJ","REF","FALSE",,,,,,,,,,,,,,0.57880,6.96003,146.84262,1544.28377,5529.68038,11321.53428,15885.62313,18684.57969,21374.33404,20601.17149,19718.69850,18021.28790,16158.84997,14395.04906,12580.19234,10299.41918,8674.11293,6708.54501
"DE","DE_NEXT","TRACTION_ROAD_LDV_DIESEL_EURO4_NON_URBAN","SECTORAL_APPROACH,1A,1A3,1A3b,1A3bi,TRACTION_ROAD_LDV_DIESEL,TRACTION_ROAD_LDV_DIESEL_EURO4,TRACTION_ROAD_LDV_DIESEL_EURO4_NON_URBAN","AD",,"DIESEL",,,"TJ","REF","FALSE",,,,,,,,,,,,,,0.39133,4.43796,89.72570,1013.36986,3804.12885,8226.45901,11899.26176,14654.61058,17179.19662,17362.14623,17020.47085,15802.40018,14309.53939,12482.86119,10808.65593,8767.65801,7316.10692,5993.41672
"DE","DE_NEXT","TRACTION_ROAD_LDV_DIESEL_EURO4_URBAN","SECTORAL_APPROACH,1A,1A3,1A3b,1A3bi,TRACTION_ROAD_LDV_DIESEL,TRACTION_ROAD_LDV_DIESEL_EURO4,TRACTION_ROAD_LDV_DIESEL_EURO4_URBAN","AD",,"DIESEL",,,"TJ","REF","FALSE",,,,,,,,,,,,,,0.72460,7.94260,161.50809,1695.23889,5939.33344,11785.89964,15304.45802,17355.01173,18310.79860,17525.99059,15938.61437,15484.67011,14431.47601,14021.66454,13577.36284,12161.91997,10876.35740,8952.41424
"DE","DE_NEXT","TRACTION_ROAD_LDV_DIESEL_EURO5_HIGHWAY","SECTORAL_APPROACH,1A,1A3,1A3b,1A3bi,TRACTION_ROAD_LDV_DIESEL,TRACTION_ROAD_LDV_DIESEL_EURO5,TRACTION_ROAD_LDV_DIESEL_EURO5_HIGHWAY","AD",,"DIESEL",,,"TJ","REF","FALSE",,,,,,,,,,,,,,,,,,,0.02907,21.67067,537.56975,2259.66163,5327.88044,10186.71569,15535.09916,20425.82079,23861.06510,23485.05174,19732.71409,17023.43377,13492.71298
"DE","DE_NEXT","TRACTION_ROAD_LDV_DIESEL_EURO5_NON_URBAN","SECTORAL_APPROACH,1A,1A3,1A3b,1A3bi,TRACTION_ROAD_LDV_DIESEL,TRACTION_ROAD_LDV_DIESEL_EURO5,TRACTION_ROAD_LDV_DIESEL_EURO5_NON_URBAN","AD",,"DIESEL",,,"TJ","REF","FALSE",,,,,,,,,,,,,,,,,,,0.01759,16.84158,436.96042,1880.66068,4649.17421,9106.31877,14115.86338,18754.76809,21456.75458,20925.79590,17420.43904,14889.99025,12501.86254
"DE","DE_NEXT","TRACTION_ROAD_LDV_DIESEL_EURO5_URBAN","SECTORAL_APPROACH,1A,1A3,1A3b,1A3bi,TRACTION_ROAD_LDV_DIESEL,TRACTION_ROAD_LDV_DIESEL_EURO5,TRACTION_ROAD_LDV_DIESEL_EURO5_URBAN","AD",,"DIESEL",,,"TJ","REF","FALSE",,,,,,,,,,,,,,,,,,,0.01485,22.52833,538.04767,2084.22036,4878.32242,8858.91196,14372.54013,19658.20140,25055.49367,27333.87754,25134.00355,23028.11230,19426.82937
"DE","DE_NEXT","TRACTION_ROAD_LDV_DIESEL_EURO6ab_HIGHWAY","SECTORAL_APPROACH,1A,1A3,1A3b,1A3bi,TRACTION_ROAD_LDV_DIESEL,TRACTION_ROAD_LDV_DIESEL_EURO6ab,TRACTION_ROAD_LDV_DIESEL_EURO6ab_HIGHWAY","AD",,"DIESEL",,,"TJ","REF","FALSE",,,,,,,,,,,,,,,,,,,,,0.01598,0.03051,0.27313,14.17106,66.76025,212.95784,1616.05767,6216.16921,11960.76665,16507.18844,16098.05498
"DE","DE_NEXT","TRACTION_ROAD_LDV_DIESEL_EURO6ab_NON_URBAN","SECTORAL_APPROACH,1A,1A3,1A3b,1A3bi,TRACTION_ROAD_LDV_DIESEL,TRACTION_ROAD_LDV_DIESEL_EURO6ab,TRACTION_ROAD_LDV_DIESEL_EURO6ab_NON_URBAN","AD",,"DIESEL",,,"TJ","REF","FALSE",,,,,,,,,,,,,,,,,,,,,0.01280,0.02504,0.23513,12.49574,59.82129,192.30358,1427.87065,5445.44897,10385.80739,14205.21358,14676.87661
"DE","DE_NEXT","TRACTION_ROAD_LDV_DIESEL_EURO6ab_URBAN","SECTORAL_APPROACH,1A,1A3,1A3b,1A3bi,TRACTION_ROAD_LDV_DIESEL,TRACTION_ROAD_LDV_DIESEL_EURO6ab,TRACTION_ROAD_LDV_DIESEL_EURO6ab_URBAN","AD",,"DIESEL",,,"TJ","REF","FALSE",,,,,,,,,,,,,,,,,,,,,0.01533,0.02698,0.23985,11.81789,59.22999,196.01060,1621.24875,6916.55995,14571.39604,21364.38306,22180.38410
"DE","DE_NEXT","TRACTION_ROAD_LDV_DIESEL_EURO6c_HIGHWAY","SECTORAL_APPROACH,1A,1A3,1A3b,1A3bi,TRACTION_ROAD_LDV_DIESEL,TRACTION_ROAD_LDV_DIESEL_EURO6c,TRACTION_ROAD_LDV_DIESEL_EURO6c_HIGHWAY","AD",,"DIESEL",,,"TJ","REF","FALSE",,,,,,,,,,,,,,,,,,,,,,,,,,,,0.03006,0.40685,248.40430,673.22442
"DE","DE_NEXT","TRACTION_ROAD_LDV_DIESEL_EURO6c_NON_URBAN","SECTORAL_APPROACH,1A,1A3,1A3b,1A3bi,TRACTION_ROAD_LDV_DIESEL,TRACTION_ROAD_LDV_DIESEL_EURO6c,TRACTION_ROAD_LDV_DIESEL_EURO6c_NON_URBAN","AD",,"DIESEL",,,"TJ","REF","FALSE",,,,,,,,,,,,,,,,,,,,,,,,,,,,0.02643,0.35235,214.36543,615.46525
"DE","DE_NEXT","TRACTION_ROAD_LDV_DIESEL_EURO6c_URBAN","SECTORAL_APPROACH,1A,1A3,1A3b,1A3bi,TRACTION_ROAD_LDV_DIESEL,TRACTION_ROAD_LDV_DIESEL_EURO6c,TRACTION_ROAD_LDV_DIESEL_EURO6c_URBAN","AD",,"DIESEL",,,"TJ","REF","FALSE",,,,,,,,,,,,,,,,,,,,,,,,,,,,0.03367,0.49511,323.33790,932.79462
"DE","DE_NEXT","TRACTION_ROAD_LDV_DIESEL_EURO6d_HIGHWAY","SECTORAL_APPROACH,1A,1A3,1A3b,1A3bi,TRACTION_ROAD_LDV_DIESEL,TRACTION_ROAD_LDV_DIESEL_EURO6d,TRACTION_ROAD_LDV_DIESEL_EURO6d_HIGHWAY","AD",,"DIESEL",,,"TJ","REF","FALSE",,,,,,,,,,,,,,,,,,,,,,,,,,,,,,,364.50869
"DE","DE_NEXT","TRACTION_ROAD_LDV_DIESEL_EURO6d_NON_URBAN","SECTORAL_APPROACH,1A,1A3,1A3b,1A3bi,TRACTION_ROAD_LDV_DIESEL,TRACTION_ROAD_LDV_DIESEL_EURO6d,TRACTION_ROAD_LDV_DIESEL_EURO6d_NON_URBAN","AD",,"DIESEL",,,"TJ","REF","FALSE",,,,,,,,,,,,,,,,,,,,,,,,,,,,,,,333.58835
"DE","DE_NEXT","TRACTION_ROAD_LDV_DIESEL_EURO6d_URBAN","SECTORAL_APPROACH,1A,1A3,1A3b,1A3bi,TRACTION_ROAD_LDV_DIESEL,TRACTION_ROAD_LDV_DIESEL_EURO6d,TRACTION_ROAD_LDV_DIESEL_EURO6d_URBAN","AD",,"DIESEL",,,"TJ","REF","FALSE",,,,,,,,,,,,,,,,,,,,,,,,,,,,,,,503.36556
"DE","DE_NEXT","TRACTION_ROAD_LDV_DIESEL_EURO6dtemp_HIGHWAY","SECTORAL_APPROACH,1A,1A3,1A3b,1A3bi,TRACTION_ROAD_LDV_DIESEL,TRACTION_ROAD_LDV_DIESEL_EURO6dtemp,TRACTION_ROAD_LDV_DIESEL_EURO6dtemp_HIGHWAY","AD",,"DIESEL",,,"TJ","REF","FALSE",,,,,,,,,,,,,,,,,,,,,,,,,,,,,34.74399,719.74077,2810.29044
"DE","DE_NEXT","TRACTION_ROAD_LDV_DIESEL_EURO6dtemp_NON_URBAN","SECTORAL_APPROACH,1A,1A3,1A3b,1A3bi,TRACTION_ROAD_LDV_DIESEL,TRACTION_ROAD_LDV_DIESEL_EURO6dtemp,TRACTION_ROAD_LDV_DIESEL_EURO6dtemp_NON_URBAN","AD",,"DIESEL",,,"TJ","REF","FALSE",,,,,,,,,,,,,,,,,,,,,,,,,,,,,30.19656,621.01578,2570.44252
"DE","DE_NEXT","TRACTION_ROAD_LDV_DIESEL_EURO6dtemp_URBAN","SECTORAL_APPROACH,1A,1A3,1A3b,1A3bi,TRACTION_ROAD_LDV_DIESEL,TRACTION_ROAD_LDV_DIESEL_EURO6dtemp,TRACTION_ROAD_LDV_DIESEL_EURO6dtemp_URBAN","AD",,"DIESEL",,,"TJ","REF","FALSE",,,,,,,,,,,,,,,,,,,,,,,,,,,,,42.64865,940.37606,3911.32441
"DE","DE_NEXT","TRACTION_ROAD_LDV_DIESEL_NO_EURO_HIGHWAY","SECTORAL_APPROACH,1A,1A3,1A3b,1A3bi,TRACTION_ROAD_LDV_DIESEL,TRACTION_ROAD_LDV_DIESEL_NO_EURO,TRACTION_ROAD_LDV_DIESEL_NO_EURO_HIGHWAY","AD",,"DIESEL",,,"TJ","REF","FALSE",9909.51982,12519.82811,15176.74402,19107.23352,19991.93286,17432.26842,16336.51730,15207.78678,13904.53716,12496.21518,10955.17288,9571.76763,8450.02314,7354.30116,6378.12849,5475.67071,4553.85661,3751.95002,2597.06926,2129.01967,1699.13201,1426.29813,1127.80530,987.95757,886.28849,803.28230,735.22970,674.29951,591.13376,543.51078,464.91829
"DE","DE_NEXT","TRACTION_ROAD_LDV_DIESEL_NO_EURO_NON_URBAN","SECTORAL_APPROACH,1A,1A3,1A3b,1A3bi,TRACTION_ROAD_LDV_DIESEL,TRACTION_ROAD_LDV_DIESEL_NO_EURO,TRACTION_ROAD_LDV_DIESEL_NO_EURO_NON_URBAN","AD",,"DIESEL",,,"TJ","REF","FALSE",9575.59696,11321.24311,12691.81655,14823.76107,17975.58926,17835.95549,15887.86097,13926.82313,11961.27863,10180.60321,8517.50023,7059.49179,5932.41791,4932.45815,4086.36668,3390.59336,3013.44340,2594.93340,1894.45070,1599.31718,1335.61318,1149.07646,951.86905,853.31304,778.58703,713.50727,639.70135,581.48777,505.27322,460.43716,417.15878
"DE","DE_NEXT","TRACTION_ROAD_LDV_DIESEL_NO_EURO_URBAN","SECTORAL_APPROACH,1A,1A3,1A3b,1A3bi,TRACTION_ROAD_LDV_DIESEL,TRACTION_ROAD_LDV_DIESEL_NO_EURO,TRACTION_ROAD_LDV_DIESEL_NO_EURO_URBAN","AD",,"DIESEL",,,"TJ","REF","FALSE",6230.23136,8232.17726,10367.51817,13518.93903,19242.05676,21628.80143,20237.29519,18317.10485,16266.41131,14753.03131,12867.61387,11867.63439,10308.34498,8525.41544,6959.56311,5816.93540,4742.33450,3809.86050,2554.43835,1939.95124,1494.08113,1159.00603,910.53448,758.38587,724.01660,683.21221,681.36162,691.73512,663.04321,647.11523,589.10705
"DE","DE_NEXT","TRACTION_ROAD_PC_DIESEL_EURO3_NON_URBAN","SECTORAL_APPROACH,1A,1A3,1A3b,1A3bi,TRACTION_ROAD_PC_DIESEL,TRACTION_ROAD_PC_DIESEL_EURO3,TRACTION_ROAD_PC_DIESEL_EURO3_NON_URBAN","AD",,"DIESEL",,,"TJ","REF","FALSE",,,,,,,,,,698.47650,4875.31748,22750.54742,40893.04079,56023.41469,68846.44236,69437.46408,64066.21869,58035.21939,54076.51013,49338.27945,44403.87017,40540.18363,34671.85934,31356.92227,27784.84013,23980.59653,20535.72494,17279.34706,13426.43934,10812.51539,7651.95967
"DE","DE_NEXT","TRACTION_ROAD_PC_DIESEL_EURO3_URBAN","SECTORAL_APPROACH,1A,1A3,1A3b,1A3bi,TRACTION_ROAD_PC_DIESEL,TRACTION_ROAD_PC_DIESEL_EURO3,TRACTION_ROAD_PC_DIESEL_EURO3_URBAN","AD",,"DIESEL",,,"TJ","REF","FALSE",,,,,,,,,,597.26151,4020.45878,20393.06644,38445.02845,51136.98007,67436.79485,65416.02419,59633.54021,52534.51407,47413.03272,43830.34635,39714.61145,35703.98476,30556.80810,27492.73916,24316.02673,20615.80909,17823.66921,15210.64330,11601.98636,9332.88825,6619.17293
"DE","DE_NEXT","TRACTION_ROAD_PC_DIESEL_EURO1_HIGHWAY","SECTORAL_APPROACH,1A,1A3,1A3b,1A3bi,TRACTION_ROAD_PC_DIESEL,TRACTION_ROAD_PC_DIESEL_EURO1,TRACTION_ROAD_PC_DIESEL_EURO1_HIGHWAY","AD",,"DIESEL",,,"TJ","REF","FALSE",27270.97173,36578.87564,46984.51874,54985.80304,61225.28812,66661.85086,65302.76227,59597.61726,52966.97699,48480.07243,44892.72177,33710.73232,28533.25515,23414.07264,19921.99682,16215.97339,11502.81623,8939.82368,5794.88707,4457.94711,3351.01078,2796.98524,2199.28979,1904.22520,1675.81418,1483.41256,1332.16180,1191.74980,1014.14501,910.96024,675.22095
"DE","DE_NEXT","TRACTION_ROAD_PC_DIESEL_EURO1_NON_URBAN","SECTORAL_APPROACH,1A,1A3,1A3b,1A3bi,TRACTION_ROAD_PC_DIESEL,TRACTION_ROAD_PC_DIESEL_EURO1,TRACTION_ROAD_PC_DIESEL_EURO1_NON_URBAN","AD",,"DIESEL",,,"TJ","REF","FALSE",30147.06528,39879.46725,50662.50393,58870.09887,66975.69591,74559.70012,73050.18613,65864.88508,57511.83429,52077.01030,47928.01673,35228.13584,29221.37275,23506.73162,19577.20336,15668.45814,11479.34416,8936.03817,5848.43262,4455.70500,3372.04300,2758.84335,2175.18890,1847.76075,1589.94852,1379.79241,1214.18448,1078.57958,911.97027,815.25638,645.68564
"DE","DE_NEXT","TRACTION_ROAD_PC_DIESEL_EURO1_URBAN","SECTORAL_APPROACH,1A,1A3,1A3b,1A3bi,TRACTION_ROAD_PC_DIESEL,TRACTION_ROAD_PC_DIESEL_EURO1,TRACTION_ROAD_PC_DIESEL_EURO1_URBAN","AD",,"DIESEL",,,"TJ","REF","FALSE",32052.98073,39785.84271,47965.95390,57171.99207,58665.17646,61512.00308,59884.90539,52435.09155,45971.09165,42298.19868,37564.78307,29888.54992,25947.49353,20247.21303,17973.08662,13863.84411,10222.25994,7741.14541,4889.25744,3773.41200,2878.60048,2320.41669,1837.14477,1557.23125,1340.64441,1132.77876,1008.06160,901.16792,751.44820,673.90511,534.67438
"DE","DE_NEXT","TRACTION_ROAD_PC_DIESEL_EURO2_HIGHWAY","SECTORAL_APPROACH,1A,1A3,1A3b,1A3bi,TRACTION_ROAD_PC_DIESEL,TRACTION_ROAD_PC_DIESEL_EURO2,TRACTION_ROAD_PC_DIESEL_EURO2_HIGHWAY","AD",,"DIESEL",,,"TJ","REF","FALSE",,,,,,2809.08457,9301.83625,17740.90635,27811.05119,42535.88552,52364.54251,55013.66396,52937.12434,48005.94214,44154.47328,37920.28624,30297.94101,25647.15650,22241.38438,18957.92497,15481.56738,13406.63992,10624.35247,9074.11020,7706.92921,6499.09168,5515.00808,4615.22083,3627.09003,2996.92015,2031.77276
"DE","DE_NEXT","TRACTION_ROAD_PC_DIESEL_EURO2_NON_URBAN","SECTORAL_APPROACH,1A,1A3,1A3b,1A3bi,TRACTION_ROAD_PC_DIESEL,TRACTION_ROAD_PC_DIESEL_EURO2,TRACTION_ROAD_PC_DIESEL_EURO2_NON_URBAN","AD",,"DIESEL",,,"TJ","REF","FALSE",,,,,,3225.41375,10680.63923,20124.22263,31009.90585,46973.50586,57542.36990,59337.53608,56081.81791,49984.10058,45088.11807,38194.67987,31129.79866,26440.48219,23299.85547,19779.79017,16380.30739,14005.29459,11212.18882,9464.53180,7905.25288,6534.64018,5423.33242,4490.96402,3491.85801,2856.11275,2075.06665
"DE","DE_NEXT","TRACTION_ROAD_PC_DIESEL_EURO2_URBAN","SECTORAL_APPROACH,1A,1A3,1A3b,1A3bi,TRACTION_ROAD_PC_DIESEL,TRACTION_ROAD_PC_DIESEL_EURO2,TRACTION_ROAD_PC_DIESEL_EURO2_URBAN","AD",,"DIESEL",,,"TJ","REF","FALSE",,,,,,2793.71212,9188.54743,16794.94438,25981.75822,40053.25779,47349.45782,53049.04329,52559.39408,45480.06020,44019.73456,35899.19355,28966.95932,23932.26967,20415.36334,17558.32648,14641.12097,12329.15895,9882.34695,8303.99126,6927.04227,5616.66896,4707.58973,3946.09300,3015.25506,2466.51862,1795.35555
"DE","DE_NEXT","TRACTION_ROAD_PC_DIESEL_EURO3_HIGHWAY","SECTORAL_APPROACH,1A,1A3,1A3b,1A3bi,TRACTION_ROAD_PC_DIESEL,TRACTION_ROAD_PC_DIESEL_EURO3,TRACTION_ROAD_PC_DIESEL_EURO3_HIGHWAY","AD",,"DIESEL",,,"TJ","REF","FALSE",,,,,,,,,,609.93669,4276.27091,20347.08038,37238.17480,51887.87169,64936.12943,66298.44250,60189.26813,54304.87424,49756.88537,45536.80919,40362.69602,37264.88305,31486.32588,28742.62668,25824.81524,22699.31474,19847.71592,16856.91471,13223.86513,10751.86585,7062.09591
"DE","DE_NEXT","TRACTION_ROAD_PC_DIESEL_EURO4_HIGHWAY","SECTORAL_APPROACH,1A,1A3,1A3b,1A3bi,TRACTION_ROAD_PC_DIESEL,TRACTION_ROAD_PC_DIESEL_EURO4,TRACTION_ROAD_PC_DIESEL_EURO4_HIGHWAY","AD",,"DIESEL",,,"TJ","REF","FALSE",,,,,,,,,,,,431.74773,1748.24902,4652.10498,12518.80245,24661.24476,38265.61448,55246.67585,71711.83261,82195.67815,81373.53386,78731.37238,69179.87050,66755.33200,63819.50845,59513.81650,55022.84060,49386.94623,41029.58904,35072.61217,23834.20559
"DE","DE_NEXT","TRACTION_ROAD_PC_DIESEL_EURO4_NON_URBAN","SECTORAL_APPROACH,1A,1A3,1A3b,1A3bi,TRACTION_ROAD_PC_DIESEL,TRACTION_ROAD_PC_DIESEL_EURO4,TRACTION_ROAD_PC_DIESEL_EURO4_NON_URBAN","AD",,"DIESEL",,,"TJ","REF","FALSE",,,,,,,,,,,,501.67958,1996.75791,5227.92349,13821.91648,26911.47897,42343.12927,61403.02639,81072.67536,92669.02997,93168.23705,89126.37594,79268.49861,75806.56418,71514.59367,65513.95399,59343.04604,52792.06193,43464.40545,36818.70550,27013.15808
"DE","DE_NEXT","TRACTION_ROAD_PC_DIESEL_EURO4_URBAN","SECTORAL_APPROACH,1A,1A3,1A3b,1A3bi,TRACTION_ROAD_PC_DIESEL,TRACTION_ROAD_PC_DIESEL_EURO4,TRACTION_ROAD_PC_DIESEL_EURO4_URBAN","AD",,"DIESEL",,,"TJ","REF","FALSE",,,,,,,,,,,,457.83324,1912.98084,4864.59719,13836.97819,25902.97249,40071.97024,56506.70215,72293.48935,83724.43812,84734.04273,79804.88809,71010.38903,67541.27431,63588.94527,57231.58437,52336.71936,47245.47270,38171.34027,32289.52433,23745.75022
"DE","DE_NEXT","TRACTION_ROAD_PC_DIESEL_EURO5_HIGHWAY","SECTORAL_APPROACH,1A,1A3,1A3b,1A3bi,TRACTION_ROAD_PC_DIESEL,TRACTION_ROAD_PC_DIESEL_EURO5,TRACTION_ROAD_PC_DIESEL_EURO5_HIGHWAY","AD",,"DIESEL",,,"TJ","REF","FALSE",,,,,,,,,,,,,,,,,,,525.60035,4908.82446,15581.67167,33754.13673,50840.05498,69929.15672,86150.72767,93944.17861,93626.84479,88569.44754,78864.19156,72916.78480,52682.12866
"DE","DE_NEXT","TRACTION_ROAD_PC_DIESEL_EURO5_NON_URBAN","SECTORAL_APPROACH,1A,1A3,1A3b,1A3bi,TRACTION_ROAD_PC_DIESEL,TRACTION_ROAD_PC_DIESEL_EURO5,TRACTION_ROAD_PC_DIESEL_EURO5_NON_URBAN","AD",,"DIESEL",,,"TJ","REF","FALSE",,,,,,,,,,,,,,,,,,,598.45506,5576.35136,17983.60734,38544.92580,58796.91368,80145.00083,97393.31435,104267.00724,101739.81381,95362.23363,84166.47796,77142.43377,60225.78342
"DE","DE_NEXT","TRACTION_ROAD_PC_DIESEL_EURO5_URBAN","SECTORAL_APPROACH,1A,1A3,1A3b,1A3bi,TRACTION_ROAD_PC_DIESEL,TRACTION_ROAD_PC_DIESEL_EURO5,TRACTION_ROAD_PC_DIESEL_EURO5_URBAN","AD",,"DIESEL",,,"TJ","REF","FALSE",,,,,,,,,,,,,,,,,,,527.71959,4981.11745,16168.73223,34122.75669,52065.51028,70584.27719,85606.01297,90079.48761,88715.95241,84346.10007,73037.83032,66831.15690,52289.68607
"DE","DE_NEXT","TRACTION_ROAD_PC_DIESEL_EURO6ab_HIGHWAY","SECTORAL_APPROACH,1A,1A3,1A3b,1A3bi,TRACTION_ROAD_PC_DIESEL,TRACTION_ROAD_PC_DIESEL_EURO6ab,TRACTION_ROAD_PC_DIESEL_EURO6ab_HIGHWAY","AD",,"DIESEL",,,"TJ","REF","FALSE",,,,,,,,,,,,,,,,,,,,24.41156,92.55771,196.59133,435.88527,1336.03530,4844.14131,16063.15634,35937.71374,57049.33806,67820.59476,69966.31861,51889.99726
"DE","DE_NEXT","TRACTION_ROAD_PC_DIESEL_EURO6ab_NON_URBAN","SECTORAL_APPROACH,1A,1A3,1A3b,1A3bi,TRACTION_ROAD_PC_DIESEL,TRACTION_ROAD_PC_DIESEL_EURO6ab,TRACTION_ROAD_PC_DIESEL_EURO6ab_NON_URBAN","AD",,"DIESEL",,,"TJ","REF","FALSE",,,,,,,,,,,,,,,,,,,,28.38110,109.36844,229.91757,516.58586,1570.56414,5619.74132,18303.30864,40084.15758,62987.75316,74124.62629,75649.95497,60381.33327
"DE","DE_NEXT","TRACTION_ROAD_PC_DIESEL_EURO6ab_URBAN","SECTORAL_APPROACH,1A,1A3,1A3b,1A3bi,TRACTION_ROAD_PC_DIESEL,TRACTION_ROAD_PC_DIESEL_EURO6ab,TRACTION_ROAD_PC_DIESEL_EURO6ab_URBAN","AD",,"DIESEL",,,"TJ","REF","FALSE",,,,,,,,,,,,,,,,,,,,25.81446,100.12124,207.22211,465.63427,1404.49011,5009.90149,16051.56886,35496.01503,56606.91359,65328.89092,66543.19848,53218.04672
"DE","DE_NEXT","TRACTION_ROAD_PC_DIESEL_EURO6c_HIGHWAY","SECTORAL_APPROACH,1A,1A3,1A3b,1A3bi,TRACTION_ROAD_PC_DIESEL,TRACTION_ROAD_PC_DIESEL_EURO6c,TRACTION_ROAD_PC_DIESEL_EURO6c_HIGHWAY","AD",,"DIESEL",,,"TJ","REF","FALSE",,,,,,,,,,,,,,,,,,,,,,,,,,,,0.92726,1267.49676,3377.42827,3375.04405
"DE","DE_NEXT","TRACTION_ROAD_PC_DIESEL_EURO6c_NON_URBAN","SECTORAL_APPROACH,1A,1A3,1A3b,1A3bi,TRACTION_ROAD_PC_DIESEL,TRACTION_ROAD_PC_DIESEL_EURO6c,TRACTION_ROAD_PC_DIESEL_EURO6c_NON_URBAN","AD",,"DIESEL",,,"TJ","REF","FALSE",,,,,,,,,,,,,,,,,,,,,,,,,,,,1.02723,1391.82304,3676.21473,3975.27010
"DE","DE_NEXT","TRACTION_ROAD_PC_DIESEL_EURO6c_URBAN","SECTORAL_APPROACH,1A,1A3,1A3b,1A3bi,TRACTION_ROAD_PC_DIESEL,TRACTION_ROAD_PC_DIESEL_EURO6c,TRACTION_ROAD_PC_DIESEL_EURO6c_URBAN","AD",,"DIESEL",,,"TJ","REF","FALSE",,,,,,,,,,,,,,,,,,,,,,,,,,,,0.92275,1221.78056,3220.11096,3489.35461
"DE","DE_NEXT","TRACTION_ROAD_PC_DIESEL_EURO6d_HIGHWAY","SECTORAL_APPROACH,1A,1A3,1A3b,1A3bi,TRACTION_ROAD_PC_DIESEL,TRACTION_ROAD_PC_DIESEL_EURO6d,TRACTION_ROAD_PC_DIESEL_EURO6d_HIGHWAY","AD",,"DIESEL",,,"TJ","REF","FALSE",,,,,,,,,,,,,,,,,,,,,,,,,,,,,,407.08403,2153.54419
"DE","DE_NEXT","TRACTION_ROAD_PC_DIESEL_EURO6d_NON_URBAN","SECTORAL_APPROACH,1A,1A3,1A3b,1A3bi,TRACTION_ROAD_PC_DIESEL,TRACTION_ROAD_PC_DIESEL_EURO6d,TRACTION_ROAD_PC_DIESEL_EURO6d_NON_URBAN","AD",,"DIESEL",,,"TJ","REF","FALSE",,,,,,,,,,,,,,,,,,,,,,,,,,,,,,443.05363,2510.54149
"DE","DE_NEXT","TRACTION_ROAD_PC_DIESEL_EURO6d_URBAN","SECTORAL_APPROACH,1A,1A3,1A3b,1A3bi,TRACTION_ROAD_PC_DIESEL,TRACTION_ROAD_PC_DIESEL_EURO6d,TRACTION_ROAD_PC_DIESEL_EURO6d_URBAN","AD",,"DIESEL",,,"TJ","REF","FALSE",,,,,,,,,,,,,,,,,,,,,,,,,,,,,,387.62853,2192.96001
"DE","DE_NEXT","TRACTION_ROAD_PC_DIESEL_EURO6dtemp_HIGHWAY","SECTORAL_APPROACH,1A,1A3,1A3b,1A3bi,TRACTION_ROAD_PC_DIESEL,TRACTION_ROAD_PC_DIESEL_EURO6dtemp,TRACTION_ROAD_PC_DIESEL_EURO6dtemp_HIGHWAY","AD",,"DIESEL",,,"TJ","REF","FALSE",,,,,,,,,,,,,,,,,,,,,,,,,,,,8.11291,2584.55522,13568.40758,21303.04081
"DE","DE_NEXT","TRACTION_ROAD_PC_DIESEL_EURO6dtemp_NON_URBAN","SECTORAL_APPROACH,1A,1A3,1A3b,1A3bi,TRACTION_ROAD_PC_DIESEL,TRACTION_ROAD_PC_DIESEL_EURO6dtemp,TRACTION_ROAD_PC_DIESEL_EURO6dtemp_NON_URBAN","AD",,"DIESEL",,,"TJ","REF","FALSE",,,,,,,,,,,,,,,,,,,,,,,,,,,,8.98753,2838.06935,14768.74611,25091.62421
"DE","DE_NEXT","TRACTION_ROAD_PC_DIESEL_EURO6dtemp_URBAN","SECTORAL_APPROACH,1A,1A3,1A3b,1A3bi,TRACTION_ROAD_PC_DIESEL,TRACTION_ROAD_PC_DIESEL_EURO6dtemp,TRACTION_ROAD_PC_DIESEL_EURO6dtemp_URBAN","AD",,"DIESEL",,,"TJ","REF","FALSE",,,,,,,,,,,,,,,,,,,,,,,,,,,,8.07330,2491.37517,12931.69244,22012.67873
"DE","DE_NEXT","TRACTION_ROAD_PC_DIESEL_NO_EURO_HIGHWAY","SECTORAL_APPROACH,1A,1A3,1A3b,1A3bi,TRACTION_ROAD_PC_DIESEL,TRACTION_ROAD_PC_DIESEL_NO_EURO,TRACTION_ROAD_PC_DIESEL_NO_EURO_HIGHWAY","AD",,"DIESEL",,,"TJ","REF","FALSE",51304.66036,49051.14389,45373.03707,41838.08134,35786.85355,31865.81789,26824.12079,23197.99901,18105.63464,14373.33767,11137.57466,10001.45260,7998.45557,6405.62402,5412.87487,4798.80728,1750.29318,1387.09728,939.96606,799.97863,670.60360,615.66036,533.11352,508.64689,494.28185,481.82859,480.15448,487.10987,478.99015,490.75731,744.64496
"DE","DE_NEXT","TRACTION_ROAD_PC_DIESEL_NO_EURO_NON_URBAN","SECTORAL_APPROACH,1A,1A3,1A3b,1A3bi,TRACTION_ROAD_PC_DIESEL,TRACTION_ROAD_PC_DIESEL_NO_EURO,TRACTION_ROAD_PC_DIESEL_NO_EURO_NON_URBAN","AD",,"DIESEL",,,"TJ","REF","FALSE",54870.96742,51584.77462,47013.14865,42742.60875,38055.12551,34491.52378,28889.13961,24563.33499,18659.82336,14454.80463,10968.44971,9559.96022,7371.19100,5685.92534,4634.56228,4005.37757,1661.04104,1297.18102,868.10806,721.40097,602.02389,537.77565,465.20871,435.92892,416.74938,405.38520,403.29865,414.12696,411.67179,425.07029,725.07717
"DE","DE_NEXT","TRACTION_ROAD_PC_DIESEL_NO_EURO_URBAN","SECTORAL_APPROACH,1A,1A3,1A3b,1A3bi,TRACTION_ROAD_PC_DIESEL,TRACTION_ROAD_PC_DIESEL_NO_EURO,TRACTION_ROAD_PC_DIESEL_NO_EURO_URBAN","AD",,"DIESEL",,,"TJ","REF","FALSE",55434.37156,48779.12069,42021.68658,39689.26036,31519.20846,26653.80597,22013.75940,18225.01564,13829.44932,10526.19743,7624.20150,6957.44873,5428.53316,3912.58110,3127.56082,2648.73664,1490.51047,1130.48879,708.39773,597.04596,505.59367,445.51694,390.65461,366.99533,351.62232,327.40779,330.17649,338.64264,333.59979,346.41838,591.00139
"DE","DE_NEXT","TRACTION_ROAD_HDV_DIESEL_EUROI_HIGHWAY","SECTORAL_APPROACH,1A,1A3,1A3b,1A3bi,TRACTION_ROAD_HDV_DIESEL,TRACTION_ROAD_HDV_DIESEL_EUROI,TRACTION_ROAD_HDV_DIESEL_EUROI_HIGHWAY","AD",,"DIESEL",,,"TJ","REF","FALSE",,1938.27190,13506.90359,34302.38459,53001.13812,71055.68377,72594.92011,68155.01526,62300.18352,55042.97249,44128.92724,31806.79810,24906.05583,18883.96732,14670.32704,10365.28647,8442.82084,6329.96538,4079.32633,2928.61870,2492.04290,1951.55927,1613.09627,1319.78307,1004.86091,866.90116,730.07570,619.46604,517.65633,462.85862,393.89972
"DE","DE_NEXT","TRACTION_ROAD_HDV_DIESEL_EUROI_NON_URBAN","SECTORAL_APPROACH,1A,1A3,1A3b,1A3bi,TRACTION_ROAD_HDV_DIESEL,TRACTION_ROAD_HDV_DIESEL_EUROI,TRACTION_ROAD_HDV_DIESEL_EUROI_NON_URBAN","AD",,"DIESEL",,,"TJ","REF","FALSE",,830.99867,6555.41692,17182.85061,25936.76992,37137.77004,38474.49659,35727.06961,33016.07168,28541.33919,23538.63360,17036.45748,13307.21402,10044.88612,7729.06863,5955.10246,4591.10981,3335.15063,2222.74739,1828.70472,1530.16950,1183.33010,982.08842,785.42564,593.77451,500.87646,418.37789,353.66025,294.53614,260.91791,218.78460
"DE","DE_NEXT","TRACTION_ROAD_HDV_DIESEL_EUROI_URBAN","SECTORAL_APPROACH,1A,1A3,1A3b,1A3bi,TRACTION_ROAD_HDV_DIESEL,TRACTION_ROAD_HDV_DIESEL_EUROI,TRACTION_ROAD_HDV_DIESEL_EUROI_URBAN","AD",,"DIESEL",,,"TJ","REF","FALSE",,645.04253,5303.41569,14261.46111,20259.83995,28595.93149,29784.95211,28174.36471,26217.91848,23335.31025,19283.69392,14326.44891,11331.90200,8653.58829,6771.09971,5035.69082,3984.71053,2938.18241,1934.29249,1496.61620,1252.73345,964.57151,796.61025,638.15201,478.93576,390.10328,330.72207,273.25918,222.53853,194.94444,162.53943
"DE","DE_NEXT","TRACTION_ROAD_HDV_DIESEL_EUROII_HIGHWAY","SECTORAL_APPROACH,1A,1A3,1A3b,1A3bi,TRACTION_ROAD_HDV_DIESEL,TRACTION_ROAD_HDV_DIESEL_EUROII,TRACTION_ROAD_HDV_DIESEL_EUROII_HIGHWAY","AD",,"DIESEL",,,"TJ","REF","FALSE",,,,,2291.62972,15792.99977,44198.42842,81584.79089,128842.76610,182895.97661,210729.91759,197634.50736,169823.79666,135315.68962,107750.25298,76556.54017,62069.63682,45441.57538,30393.97775,21066.29178,17670.91805,13518.16315,10813.64369,8598.52449,6341.04959,5264.97298,4218.76111,3368.97479,2625.04469,2171.45563,1707.15450
"DE","DE_NEXT","TRACTION_ROAD_HDV_DIESEL_EUROII_NON_URBAN","SECTORAL_APPROACH,1A,1A3,1A3b,1A3bi,TRACTION_ROAD_HDV_DIESEL,TRACTION_ROAD_HDV_DIESEL_EUROII,TRACTION_ROAD_HDV_DIESEL_EUROII_NON_URBAN","AD",,"DIESEL",,,"TJ","REF","FALSE",,,,,1086.20307,7734.44898,21331.02277,38835.72836,61664.02194,84695.70025,99529.61683,92724.88912,79662.58111,63515.55393,50499.67078,39571.52801,30654.39731,21903.73861,15174.24153,12185.04211,10129.63489,7709.84627,6250.71735,4900.25259,3618.57723,2949.82834,2356.13821,1880.57037,1464.69251,1205.67247,933.29454
"DE","DE_NEXT","TRACTION_ROAD_HDV_DIESEL_EUROII_URBAN","SECTORAL_APPROACH,1A,1A3,1A3b,1A3bi,TRACTION_ROAD_HDV_DIESEL,TRACTION_ROAD_HDV_DIESEL_EUROII,TRACTION_ROAD_HDV_DIESEL_EUROII_URBAN","AD",,"DIESEL",,,"TJ","REF","FALSE",,,,,848.82377,5979.35635,16438.00269,29892.25671,47199.14457,66084.31138,76778.20778,71988.16692,62141.72635,49963.43524,40120.17451,30135.30326,24529.82384,18145.72112,12724.58744,9540.81992,8023.95423,6151.04046,4966.57341,3917.73819,2882.91192,2307.42625,1866.17400,1486.95022,1154.46749,951.71134,733.27163
"DE","DE_NEXT","TRACTION_ROAD_HDV_DIESEL_EUROIII_HIGHWAY","SECTORAL_APPROACH,1A,1A3,1A3b,1A3bi,TRACTION_ROAD_HDV_DIESEL,TRACTION_ROAD_HDV_DIESEL_EUROIII,TRACTION_ROAD_HDV_DIESEL_EUROIII_HIGHWAY","AD",,"DIESEL",,,"TJ","REF","FALSE",,,,,,,,,,,3730.68451,29289.84327,68268.67827,103211.29809,138453.43077,152560.39215,174345.52945,154131.68224,123007.96073,89191.93028,77492.44755,59381.55830,46597.33153,36515.04964,26367.15706,21251.29624,16665.79226,13066.87855,9934.33229,7911.11684,5988.80772
"DE","DE_NEXT","TRACTION_ROAD_HDV_DIESEL_EUROIII_NON_URBAN","SECTORAL_APPROACH,1A,1A3,1A3b,1A3bi,TRACTION_ROAD_HDV_DIESEL,TRACTION_ROAD_HDV_DIESEL_EUROIII,TRACTION_ROAD_HDV_DIESEL_EUROIII_NON_URBAN","AD",,"DIESEL",,,"TJ","REF","FALSE",,,,,,,,,,,1672.24558,12921.94612,30323.21971,45786.84344,61007.26622,73789.57869,80492.21274,69422.85870,56555.78029,47468.82781,40989.05361,31431.24619,25226.94168,19659.02115,14312.36499,11380.77848,8927.64230,7004.46188,5322.45443,4220.74940,3141.11139
"DE","DE_NEXT","TRACTION_ROAD_HDV_DIESEL_EUROIII_URBAN","SECTORAL_APPROACH,1A,1A3,1A3b,1A3bi,TRACTION_ROAD_HDV_DIESEL,TRACTION_ROAD_HDV_DIESEL_EUROIII,TRACTION_ROAD_HDV_DIESEL_EUROIII_URBAN","AD",,"DIESEL",,,"TJ","REF","FALSE",,,,,,,,,,,1278.20747,9568.55850,22452.30173,33842.36457,44888.70169,50811.65017,58056.42654,51713.42520,42381.16109,33111.25229,29185.06513,22884.92791,18561.95979,14775.65747,10851.58526,8614.60266,6895.51083,5483.60338,4211.19572,3373.70454,2505.36493
"DE","DE_NEXT","TRACTION_ROAD_HDV_DIESEL_EUROIV_HIGHWAY","SECTORAL_APPROACH,1A,1A3,1A3b,1A3bi,TRACTION_ROAD_HDV_DIESEL,TRACTION_ROAD_HDV_DIESEL_EUROIV,TRACTION_ROAD_HDV_DIESEL_EUROIV_HIGHWAY","AD",,"DIESEL",,,"TJ","REF","FALSE",,,,,,,,,,,,,,,112.73621,3885.44658,10587.03560,21235.84613,34494.57875,34353.25608,33390.79871,28177.49947,24104.88655,20637.31709,16311.53563,14207.51124,11787.26653,9679.28759,7650.52603,6319.00833,4922.97061
"DE","DE_NEXT","TRACTION_ROAD_HDV_DIESEL_EUROIV_NON_URBAN","SECTORAL_APPROACH,1A,1A3,1A3b,1A3bi,TRACTION_ROAD_HDV_DIESEL,TRACTION_ROAD_HDV_DIESEL_EUROIV,TRACTION_ROAD_HDV_DIESEL_EUROIV_NON_URBAN","AD",,"DIESEL",,,"TJ","REF","FALSE",,,,,,,,,,,,,,,43.51980,1696.66656,4537.79378,9818.33961,16830.59408,19386.73455,18573.47221,15660.70589,13666.09567,11601.14228,9234.37924,7930.25150,6576.44023,5395.39956,4256.41951,3496.46567,2671.71053
"DE","DE_NEXT","TRACTION_ROAD_HDV_DIESEL_EUROIV_URBAN","SECTORAL_APPROACH,1A,1A3,1A3b,1A3bi,TRACTION_ROAD_HDV_DIESEL,TRACTION_ROAD_HDV_DIESEL_EUROIV,TRACTION_ROAD_HDV_DIESEL_EUROIV_URBAN","AD",,"DIESEL",,,"TJ","REF","FALSE",,,,,,,,,,,,,,,25.78886,990.89230,2861.05188,7024.61727,12292.67735,13102.30106,12641.79499,10803.04356,9465.58749,8161.56490,6527.42439,5593.14916,4730.21482,3937.49028,3143.29032,2612.19804,1993.61750
"DE","DE_NEXT","TRACTION_ROAD_HDV_DIESEL_EUROV_HIGHWAY","SECTORAL_APPROACH,1A,1A3,1A3b,1A3bi,TRACTION_ROAD_HDV_DIESEL,TRACTION_ROAD_HDV_DIESEL_EUROV,TRACTION_ROAD_HDV_DIESEL_EUROV_HIGHWAY","AD",,"DIESEL",,,"TJ","REF","FALSE",,,,,,,,,,,,,,,,,9179.86328,36209.32588,78375.95721,106610.65266,150156.79845,181740.60901,213894.05986,232912.85746,205521.40197,175000.69941,137147.40596,106794.65934,80935.68571,64052.88475,48811.56272
"DE","DE_NEXT","TRACTION_ROAD_HDV_DIESEL_EUROV_NON_URBAN","SECTORAL_APPROACH,1A,1A3,1A3b,1A3bi,TRACTION_ROAD_HDV_DIESEL,TRACTION_ROAD_HDV_DIESEL_EUROV,TRACTION_ROAD_HDV_DIESEL_EUROV_NON_URBAN","AD",,"DIESEL",,,"TJ","REF","FALSE",,,,,,,,,,,,,,,,,3795.55340,14566.27198,32269.72826,51114.34096,72039.49800,87248.48978,104612.09627,113237.24903,101158.12825,85303.37731,67254.93450,52699.16017,40157.54228,31877.95877,24015.52706
"DE","DE_NEXT","TRACTION_ROAD_HDV_DIESEL_EUROV_URBAN","SECTORAL_APPROACH,1A,1A3,1A3b,1A3bi,TRACTION_ROAD_HDV_DIESEL,TRACTION_ROAD_HDV_DIESEL_EUROV,TRACTION_ROAD_HDV_DIESEL_EUROV_URBAN","AD",,"DIESEL",,,"TJ","REF","FALSE",,,,,,,,,,,,,,,,,2285.72335,8929.59802,19774.88049,28907.15048,41610.72181,50995.07011,60785.33904,66565.79055,60074.44068,51498.82902,42492.85908,34689.36676,27387.87644,22468.55129,17157.91482
"DE","DE_NEXT","TRACTION_ROAD_HDV_DIESEL_EUROVI_HIGHWAY","SECTORAL_APPROACH,1A,1A3,1A3b,1A3bi,TRACTION_ROAD_HDV_DIESEL,TRACTION_ROAD_HDV_DIESEL_EUROVI,TRACTION_ROAD_HDV_DIESEL_EUROVI_HIGHWAY","AD",,"DIESEL",,,"TJ","REF","FALSE",,,,,,,,,,,,,,,,,,,,,,,1272.55553,10071.76995,40983.84447,95482.87535,146030.59594,186470.80073,210881.22184,238237.93513,246441.93701
"DE","DE_NEXT","TRACTION_ROAD_HDV_DIESEL_EUROVI_NON_URBAN","SECTORAL_APPROACH,1A,1A3,1A3b,1A3bi,TRACTION_ROAD_HDV_DIESEL,TRACTION_ROAD_HDV_DIESEL_EUROVI,TRACTION_ROAD_HDV_DIESEL_EUROVI_NON_URBAN","AD",,"DIESEL",,,"TJ","REF","FALSE",,,,,,,,,,,,,,,,,,,,,,,583.43278,4591.20842,19109.74938,43885.32260,66934.94735,85193.19773,95925.92741,107601.74109,109263.18973
"DE","DE_NEXT","TRACTION_ROAD_HDV_DIESEL_EUROVI_URBAN","SECTORAL_APPROACH,1A,1A3,1A3b,1A3bi,TRACTION_ROAD_HDV_DIESEL,TRACTION_ROAD_HDV_DIESEL_EUROVI,TRACTION_ROAD_HDV_DIESEL_EUROVI_URBAN","AD",,"DIESEL",,,"TJ","REF","FALSE",,,,,,,,,,,,,,,,,,,,,,,293.24132,2356.03087,9839.46999,22542.56877,35516.48369,46790.36829,54275.72677,62505.00776,64012.88992
"DE","DE_NEXT","TRACTION_ROAD_HDV_DIESEL_NO_EURO_HIGHWAY","SECTORAL_APPROACH,1A,1A3,1A3b,1A3bi,TRACTION_ROAD_HDV_DIESEL,TRACTION_ROAD_HDV_DIESEL_NO_EURO,TRACTION_ROAD_HDV_DIESEL_NO_EURO_HIGHWAY","AD",,"DIESEL",,,"TJ","REF","FALSE",202133.86962,217560.98878,226480.09103,217688.80474,202778.48070,177581.51213,149166.16752,129706.25577,112669.46912,95789.23991,71606.11608,54735.52293,41391.52374,30325.35471,23131.72922,16322.05927,13421.44643,10233.66632,6697.89373,4942.86383,4336.47526,3514.83904,3024.27295,2627.11223,2156.06862,2001.39054,1826.48887,1685.04400,1524.32292,1478.84585,1347.36044
"DE","DE_NEXT","TRACTION_ROAD_HDV_DIESEL_NO_EURO_NON_URBAN","SECTORAL_APPROACH,1A,1A3,1A3b,1A3bi,TRACTION_ROAD_HDV_DIESEL,TRACTION_ROAD_HDV_DIESEL_NO_EURO,TRACTION_ROAD_HDV_DIESEL_NO_EURO_NON_URBAN","AD",,"DIESEL",,,"TJ","REF","FALSE",113262.35797,119615.09468,125538.57910,121880.88105,121128.44378,108723.50799,90675.62196,77404.43944,67705.87491,56004.22594,42746.90548,31870.55783,23911.86019,17331.25529,13022.69169,9968.72069,7735.81069,5704.05066,3852.03119,3242.82477,2784.98316,2218.17446,1907.91797,1611.19528,1306.58573,1187.70971,1077.77608,993.50983,899.50634,867.39966,780.66202
"DE","DE_NEXT","TRACTION_ROAD_HDV_DIESEL_NO_EURO_URBAN","SECTORAL_APPROACH,1A,1A3,1A3b,1A3bi,TRACTION_ROAD_HDV_DIESEL,TRACTION_ROAD_HDV_DIESEL_NO_EURO,TRACTION_ROAD_HDV_DIESEL_NO_EURO_URBAN","AD",,"DIESEL",,,"TJ","REF","FALSE",86405.00028,95491.24450,102974.58742,102400.11889,100608.66071,88597.02029,74183.51229,64168.26289,56274.46732,47591.64161,36070.87366,27292.70146,20661.79429,15086.18310,11524.77203,8535.98111,6770.98458,5028.14388,3319.63659,2650.92416,2267.07547,1789.99206,1535.47457,1297.52998,1043.29478,908.29280,837.78749,749.34621,661.54098,632.94412,570.27200
